Workbook

Sheet Data
A1: Veličina | B1: Hodnota | C1: Jednotka | D1: Význam
A2: U | B2: 35 | C2: V | D2: Efektivní hodnota napájecího napětí
A3: L₁ | B3: 0.036 | C3: H | D3: Indukčnost první cívky
A4: R₁ | B4: 32 | C4: Ω | D4: Odpor první cívky
A5: L₂ | B5: 0.041 | C5: H | D5: Indukčnost druhé cívky
A6: R₂ | B6: 24 | C6: Ω | D6: Odpor druhé cívky
A7: P | B7: 2.1 | C7: W | D7: Požadovaný činný výkon
A8: Δf | B8: 5 | C8: Hz | D8: Základní krok dat grafu
A9: fₘₐₓ | B9: 600 | C9: Hz | D9: Horní mez grafu

Sheet Výpočty
A1: Veličina | B1: Vzorec / hodnota | C1: Jednotka | D1: Poznámka
A2: R | B2: =Data!B4+Data!B6 -> 56 | C2: Ω | D2: Celkový sériový odpor
A3: L | B3: =Data!B3+Data!B5 -> 0.077 | C3: H | D3: Celková indukčnost
A4: I – přesně | B4: =SQRT(Data!B7/B2) -> 0.19364917 | C4: A | D4: Proud bez průběžného zaokrouhlení
A5: f – přesně | B5: =SQRT(Data!B2^2*B2/Data!B7-B2^2)/(2*PI()*B3) -> 355.19434 | C5: Hz | D5: Přesný průsečík P(f)=2,1 W
A6: R – zaokr. | B6: =ROUND(Data!B4+Data!B6,3) -> 56 | C6: Ω | D6: Průběžně zaokrouhlený odpor
A7: L – zaokr. | B7: =ROUND(ROUND((Data!B3+Data!B5)*1000,3)/1000,3) -> 0.077 | C7: H | D7: Průběžně zaokrouhlená indukčnost
A8: I – zaokr. | B8: =ROUND(SQRT(Data!B7/B6),3) -> 0.194 | C8: A | D8: Výsledek použitý v protokolu
A9: U_R | B9: =ROUND(B8*B6,3) -> 10.864 | C9: V | D9: Napětí na odporové části
A10: U_L | B10: =ROUND(SQRT(Data!B2^2-B9^2),3) -> 33.271 | C10: V | D10: Napětí na induktivní části
A11: X_L | B11: =ROUND(B10/B8,3) -> 171.5 | C11: Ω | D11: Induktivní reaktance
A12: f – protokol | B12: =ROUND(B11/(2*PI()*B7),3) -> 354.481 | C12: Hz | D12: Průběžně zaokrouhlený výsledek
A13: P při f protokolu | B13: =Data!B2^2*B6/(B6^2+(2*PI()*B12*B7)^2) -> 2.1076452 | C13: W | D13: Kontrolní výkon 2,108 W

Sheet Graf
A1: f [Hz] | B1: P(f) [W] | C1: P požadovaný = 2,100 W | D1: Přesný: 355,194 Hz; 2,100 W | E1: Protokol: 354,481 Hz; 2,108 W
A2: 0 | B2: =Data!B2^2*(Data!B4+Data!B6)/((Data!B4+Data!B6)^2+(2*PI()*A2*(Data!B3+Data!B5))^2) -> 21.875 | C2: =Data!B7 -> 2.1
A3: 5 | B3: =Data!B2^2*(Data!B4+Data!B6)/((Data!B4+Data!B6)^2+(2*PI()*A3*(Data!B3+Data!B5))^2) -> 21.834258 | C3: =Data!B7 -> 2.1
A4: 10 | B4: =Data!B2^2*(Data!B4+Data!B6)/((Data!B4+Data!B6)^2+(2*PI()*A4*(Data!B3+Data!B5))^2) -> 21.712937 | C4: =Data!B7 -> 2.1
A5: 15 | B5: =Data!B2^2*(Data!B4+Data!B6)/((Data!B4+Data!B6)^2+(2*PI()*A5*(Data!B3+Data!B5))^2) -> 21.513704 | C5: =Data!B7 -> 2.1
A6: 20 | B6: =Data!B2^2*(Data!B4+Data!B6)/((Data!B4+Data!B6)^2+(2*PI()*A6*(Data!B3+Data!B5))^2) -> 21.240843 | C6: =Data!B7 -> 2.1
A7: 25 | B7: =Data!B2^2*(Data!B4+Data!B6)/((Data!B4+Data!B6)^2+(2*PI()*A7*(Data!B3+Data!B5))^2) -> 20.900028 | C7: =Data!B7 -> 2.1
A8: 30 | B8: =Data!B2^2*(Data!B4+Data!B6)/((Data!B4+Data!B6)^2+(2*PI()*A8*(Data!B3+Data!B5))^2) -> 20.498044 | C8: =Data!B7 -> 2.1
A9: 35 | B9: =Data!B2^2*(Data!B4+Data!B6)/((Data!B4+Data!B6)^2+(2*PI()*A9*(Data!B3+Data!B5))^2) -> 20.042465 | C9: =Data!B7 -> 2.1
A10: 40 | B10: =Data!B2^2*(Data!B4+Data!B6)/((Data!B4+Data!B6)^2+(2*PI()*A10*(Data!B3+Data!B5))^2) -> 19.541331 | C10: =Data!B7 -> 2.1
A11: 45 | B11: =Data!B2^2*(Data!B4+Data!B6)/((Data!B4+Data!B6)^2+(2*PI()*A11*(Data!B3+Data!B5))^2) -> 19.00284 | C11: =Data!B7 -> 2.1
A12: 50 | B12: =Data!B2^2*(Data!B4+Data!B6)/((Data!B4+Data!B6)^2+(2*PI()*A12*(Data!B3+Data!B5))^2) -> 18.435068 | C12: =Data!B7 -> 2.1
A13: 55 | B13: =Data!B2^2*(Data!B4+Data!B6)/((Data!B4+Data!B6)^2+(2*PI()*A13*(Data!B3+Data!B5))^2) -> 17.845742 | C13: =Data!B7 -> 2.1
A14: 60 | B14: =Data!B2^2*(Data!B4+Data!B6)/((Data!B4+Data!B6)^2+(2*PI()*A14*(Data!B3+Data!B5))^2) -> 17.242059 | C14: =Data!B7 -> 2.1
A15: 65 | B15: =Data!B2^2*(Data!B4+Data!B6)/((Data!B4+Data!B6)^2+(2*PI()*A15*(Data!B3+Data!B5))^2) -> 16.630564 | C15: =Data!B7 -> 2.1
A16: 70 | B16: =Data!B2^2*(Data!B4+Data!B6)/((Data!B4+Data!B6)^2+(2*PI()*A16*(Data!B3+Data!B5))^2) -> 16.017069 | C16: =Data!B7 -> 2.1
A17: 75 | B17: =Data!B2^2*(Data!B4+Data!B6)/((Data!B4+Data!B6)^2+(2*PI()*A17*(Data!B3+Data!B5))^2) -> 15.406625 | C17: =Data!B7 -> 2.1
A18: 80 | B18: =Data!B2^2*(Data!B4+Data!B6)/((Data!B4+Data!B6)^2+(2*PI()*A18*(Data!B3+Data!B5))^2) -> 14.803522 | C18: =Data!B7 -> 2.1
A19: 85 | B19: =Data!B2^2*(Data!B4+Data!B6)/((Data!B4+Data!B6)^2+(2*PI()*A19*(Data!B3+Data!B5))^2) -> 14.21132 | C19: =Data!B7 -> 2.1
A20: 90 | B20: =Data!B2^2*(Data!B4+Data!B6)/((Data!B4+Data!B6)^2+(2*PI()*A20*(Data!B3+Data!B5))^2) -> 13.632894 | C20: =Data!B7 -> 2.1
A21: 95 | B21: =Data!B2^2*(Data!B4+Data!B6)/((Data!B4+Data!B6)^2+(2*PI()*A21*(Data!B3+Data!B5))^2) -> 13.070502 | C21: =Data!B7 -> 2.1
A22: 100 | B22: =Data!B2^2*(Data!B4+Data!B6)/((Data!B4+Data!B6)^2+(2*PI()*A22*(Data!B3+Data!B5))^2) -> 12.525847 | C22: =Data!B7 -> 2.1
A23: 105 | B23: =Data!B2^2*(Data!B4+Data!B6)/((Data!B4+Data!B6)^2+(2*PI()*A23*(Data!B3+Data!B5))^2) -> 12.000151 | C23: =Data!B7 -> 2.1
A24: 110 | B24: =Data!B2^2*(Data!B4+Data!B6)/((Data!B4+Data!B6)^2+(2*PI()*A24*(Data!B3+Data!B5))^2) -> 11.49422 | C24: =Data!B7 -> 2.1
A25: 115 | B25: =Data!B2^2*(Data!B4+Data!B6)/((Data!B4+Data!B6)^2+(2*PI()*A25*(Data!B3+Data!B5))^2) -> 11.008509 | C25: =Data!B7 -> 2.1
A26: 120 | B26: =Data!B2^2*(Data!B4+Data!B6)/((Data!B4+Data!B6)^2+(2*PI()*A26*(Data!B3+Data!B5))^2) -> 10.543185 | C26: =Data!B7 -> 2.1
A27: 125 | B27: =Data!B2^2*(Data!B4+Data!B6)/((Data!B4+Data!B6)^2+(2*PI()*A27*(Data!B3+Data!B5))^2) -> 10.098177 | C27: =Data!B7 -> 2.1
A28: 130 | B28: =Data!B2^2*(Data!B4+Data!B6)/((Data!B4+Data!B6)^2+(2*PI()*A28*(Data!B3+Data!B5))^2) -> 9.6732236 | C28: =Data!B7 -> 2.1
A29: 135 | B29: =Data!B2^2*(Data!B4+Data!B6)/((Data!B4+Data!B6)^2+(2*PI()*A29*(Data!B3+Data!B5))^2) -> 9.2679146 | C29: =Data!B7 -> 2.1
A30: 140 | B30: =Data!B2^2*(Data!B4+Data!B6)/((Data!B4+Data!B6)^2+(2*PI()*A30*(Data!B3+Data!B5))^2) -> 8.8817263 | C30: =Data!B7 -> 2.1
A31: 145 | B31: =Data!B2^2*(Data!B4+Data!B6)/((Data!B4+Data!B6)^2+(2*PI()*A31*(Data!B3+Data!B5))^2) -> 8.5140501 | C31: =Data!B7 -> 2.1
A32: 150 | B32: =Data!B2^2*(Data!B4+Data!B6)/((Data!B4+Data!B6)^2+(2*PI()*A32*(Data!B3+Data!B5))^2) -> 8.1642178 | C32: =Data!B7 -> 2.1
A33: 155 | B33: =Data!B2^2*(Data!B4+Data!B6)/((Data!B4+Data!B6)^2+(2*PI()*A33*(Data!B3+Data!B5))^2) -> 7.8315217 | C33: =Data!B7 -> 2.1
A34: 160 | B34: =Data!B2^2*(Data!B4+Data!B6)/((Data!B4+Data!B6)^2+(2*PI()*A34*(Data!B3+Data!B5))^2) -> 7.5152312 | C34: =Data!B7 -> 2.1
A35: 165 | B35: =Data!B2^2*(Data!B4+Data!B6)/((Data!B4+Data!B6)^2+(2*PI()*A35*(Data!B3+Data!B5))^2) -> 7.214606 | C35: =Data!B7 -> 2.1
A36: 170 | B36: =Data!B2^2*(Data!B4+Data!B6)/((Data!B4+Data!B6)^2+(2*PI()*A36*(Data!B3+Data!B5))^2) -> 6.9289067 | C36: =Data!B7 -> 2.1
A37: 175 | B37: =Data!B2^2*(Data!B4+Data!B6)/((Data!B4+Data!B6)^2+(2*PI()*A37*(Data!B3+Data!B5))^2) -> 6.657403 | C37: =Data!B7 -> 2.1
A38: 180 | B38: =Data!B2^2*(Data!B4+Data!B6)/((Data!B4+Data!B6)^2+(2*PI()*A38*(Data!B3+Data!B5))^2) -> 6.3993801 | C38: =Data!B7 -> 2.1
A39: 185 | B39: =Data!B2^2*(Data!B4+Data!B6)/((Data!B4+Data!B6)^2+(2*PI()*A39*(Data!B3+Data!B5))^2) -> 6.1541434 | C39: =Data!B7 -> 2.1
A40: 190 | B40: =Data!B2^2*(Data!B4+Data!B6)/((Data!B4+Data!B6)^2+(2*PI()*A40*(Data!B3+Data!B5))^2) -> 5.9210218 | C40: =Data!B7 -> 2.1
A41: 195 | B41: =Data!B2^2*(Data!B4+Data!B6)/((Data!B4+Data!B6)^2+(2*PI()*A41*(Data!B3+Data!B5))^2) -> 5.69937 | C41: =Data!B7 -> 2.1
A42: 200 | B42: =Data!B2^2*(Data!B4+Data!B6)/((Data!B4+Data!B6)^2+(2*PI()*A42*(Data!B3+Data!B5))^2) -> 5.4885701 | C42: =Data!B7 -> 2.1
A43: 205 | B43: =Data!B2^2*(Data!B4+Data!B6)/((Data!B4+Data!B6)^2+(2*PI()*A43*(Data!B3+Data!B5))^2) -> 5.2880327 | C43: =Data!B7 -> 2.1
A44: 210 | B44: =Data!B2^2*(Data!B4+Data!B6)/((Data!B4+Data!B6)^2+(2*PI()*A44*(Data!B3+Data!B5))^2) -> 5.0971965 | C44: =Data!B7 -> 2.1
A45: 215 | B45: =Data!B2^2*(Data!B4+Data!B6)/((Data!B4+Data!B6)^2+(2*PI()*A45*(Data!B3+Data!B5))^2) -> 4.9155289 | C45: =Data!B7 -> 2.1
A46: 220 | B46: =Data!B2^2*(Data!B4+Data!B6)/((Data!B4+Data!B6)^2+(2*PI()*A46*(Data!B3+Data!B5))^2) -> 4.7425249 | C46: =Data!B7 -> 2.1
A47: 225 | B47: =Data!B2^2*(Data!B4+Data!B6)/((Data!B4+Data!B6)^2+(2*PI()*A47*(Data!B3+Data!B5))^2) -> 4.5777068 | C47: =Data!B7 -> 2.1
A48: 230 | B48: =Data!B2^2*(Data!B4+Data!B6)/((Data!B4+Data!B6)^2+(2*PI()*A48*(Data!B3+Data!B5))^2) -> 4.4206236 | C48: =Data!B7 -> 2.1
A49: 235 | B49: =Data!B2^2*(Data!B4+Data!B6)/((Data!B4+Data!B6)^2+(2*PI()*A49*(Data!B3+Data!B5))^2) -> 4.2708491 | C49: =Data!B7 -> 2.1
A50: 240 | B50: =Data!B2^2*(Data!B4+Data!B6)/((Data!B4+Data!B6)^2+(2*PI()*A50*(Data!B3+Data!B5))^2) -> 4.1279818 | C50: =Data!B7 -> 2.1
A51: 245 | B51: =Data!B2^2*(Data!B4+Data!B6)/((Data!B4+Data!B6)^2+(2*PI()*A51*(Data!B3+Data!B5))^2) -> 3.9916434 | C51: =Data!B7 -> 2.1
A52: 250 | B52: =Data!B2^2*(Data!B4+Data!B6)/((Data!B4+Data!B6)^2+(2*PI()*A52*(Data!B3+Data!B5))^2) -> 3.8614774 | C52: =Data!B7 -> 2.1
A53: 255 | B53: =Data!B2^2*(Data!B4+Data!B6)/((Data!B4+Data!B6)^2+(2*PI()*A53*(Data!B3+Data!B5))^2) -> 3.7371484 | C53: =Data!B7 -> 2.1
A54: 260 | B54: =Data!B2^2*(Data!B4+Data!B6)/((Data!B4+Data!B6)^2+(2*PI()*A54*(Data!B3+Data!B5))^2) -> 3.6183409 | C54: =Data!B7 -> 2.1
A55: 265 | B55: =Data!B2^2*(Data!B4+Data!B6)/((Data!B4+Data!B6)^2+(2*PI()*A55*(Data!B3+Data!B5))^2) -> 3.5047577 | C55: =Data!B7 -> 2.1
A56: 270 | B56: =Data!B2^2*(Data!B4+Data!B6)/((Data!B4+Data!B6)^2+(2*PI()*A56*(Data!B3+Data!B5))^2) -> 3.3961197 | C56: =Data!B7 -> 2.1
A57: 275 | B57: =Data!B2^2*(Data!B4+Data!B6)/((Data!B4+Data!B6)^2+(2*PI()*A57*(Data!B3+Data!B5))^2) -> 3.2921641 | C57: =Data!B7 -> 2.1
A58: 280 | B58: =Data!B2^2*(Data!B4+Data!B6)/((Data!B4+Data!B6)^2+(2*PI()*A58*(Data!B3+Data!B5))^2) -> 3.1926437 | C58: =Data!B7 -> 2.1
A59: 285 | B59: =Data!B2^2*(Data!B4+Data!B6)/((Data!B4+Data!B6)^2+(2*PI()*A59*(Data!B3+Data!B5))^2) -> 3.0973261 | C59: =Data!B7 -> 2.1
A60: 290 | B60: =Data!B2^2*(Data!B4+Data!B6)/((Data!B4+Data!B6)^2+(2*PI()*A60*(Data!B3+Data!B5))^2) -> 3.0059927 | C60: =Data!B7 -> 2.1
A61: 295 | B61: =Data!B2^2*(Data!B4+Data!B6)/((Data!B4+Data!B6)^2+(2*PI()*A61*(Data!B3+Data!B5))^2) -> 2.9184376 | C61: =Data!B7 -> 2.1
A62: 300 | B62: =Data!B2^2*(Data!B4+Data!B6)/((Data!B4+Data!B6)^2+(2*PI()*A62*(Data!B3+Data!B5))^2) -> 2.8344673 | C62: =Data!B7 -> 2.1
A63: 305 | B63: =Data!B2^2*(Data!B4+Data!B6)/((Data!B4+Data!B6)^2+(2*PI()*A63*(Data!B3+Data!B5))^2) -> 2.7538994 | C63: =Data!B7 -> 2.1
A64: 310 | B64: =Data!B2^2*(Data!B4+Data!B6)/((Data!B4+Data!B6)^2+(2*PI()*A64*(Data!B3+Data!B5))^2) -> 2.6765624 | C64: =Data!B7 -> 2.1
A65: 315 | B65: =Data!B2^2*(Data!B4+Data!B6)/((Data!B4+Data!B6)^2+(2*PI()*A65*(Data!B3+Data!B5))^2) -> 2.6022945 | C65: =Data!B7 -> 2.1
A66: 320 | B66: =Data!B2^2*(Data!B4+Data!B6)/((Data!B4+Data!B6)^2+(2*PI()*A66*(Data!B3+Data!B5))^2) -> 2.5309436 | C66: =Data!B7 -> 2.1
A67: 325 | B67: =Data!B2^2*(Data!B4+Data!B6)/((Data!B4+Data!B6)^2+(2*PI()*A67*(Data!B3+Data!B5))^2) -> 2.462366 | C67: =Data!B7 -> 2.1
A68: 330 | B68: =Data!B2^2*(Data!B4+Data!B6)/((Data!B4+Data!B6)^2+(2*PI()*A68*(Data!B3+Data!B5))^2) -> 2.3964266 | C68: =Data!B7 -> 2.1
A69: 335 | B69: =Data!B2^2*(Data!B4+Data!B6)/((Data!B4+Data!B6)^2+(2*PI()*A69*(Data!B3+Data!B5))^2) -> 2.3329977 | C69: =Data!B7 -> 2.1
A70: 340 | B70: =Data!B2^2*(Data!B4+Data!B6)/((Data!B4+Data!B6)^2+(2*PI()*A70*(Data!B3+Data!B5))^2) -> 2.271959 | C70: =Data!B7 -> 2.1
A71: 345 | B71: =Data!B2^2*(Data!B4+Data!B6)/((Data!B4+Data!B6)^2+(2*PI()*A71*(Data!B3+Data!B5))^2) -> 2.2131967 | C71: =Data!B7 -> 2.1
A72: 350 | B72: =Data!B2^2*(Data!B4+Data!B6)/((Data!B4+Data!B6)^2+(2*PI()*A72*(Data!B3+Data!B5))^2) -> 2.1566038 | C72: =Data!B7 -> 2.1
A73: 354.481 | B73: =Data!B2^2*(Data!B4+Data!B6)/((Data!B4+Data!B6)^2+(2*PI()*A73*(Data!B3+Data!B5))^2) -> 2.1076452 | C73: =Data!B7 -> 2.1 | E73: =B73 -> 2.1076452
A74: 355 | B74: =Data!B2^2*(Data!B4+Data!B6)/((Data!B4+Data!B6)^2+(2*PI()*A74*(Data!B3+Data!B5))^2) -> 2.1020788 | C74: =Data!B7 -> 2.1
A75: 355.19434 | B75: =Data!B2^2*(Data!B4+Data!B6)/((Data!B4+Data!B6)^2+(2*PI()*A75*(Data!B3+Data!B5))^2) -> 2.1 | C75: =Data!B7 -> 2.1 | D75: =B75 -> 2.1
A76: 360 | B76: =Data!B2^2*(Data!B4+Data!B6)/((Data!B4+Data!B6)^2+(2*PI()*A76*(Data!B3+Data!B5))^2) -> 2.0495261 | C76: =Data!B7 -> 2.1
A77: 365 | B77: =Data!B2^2*(Data!B4+Data!B6)/((Data!B4+Data!B6)^2+(2*PI()*A77*(Data!B3+Data!B5))^2) -> 1.998855 | C77: =Data!B7 -> 2.1
A78: 370 | B78: =Data!B2^2*(Data!B4+Data!B6)/((Data!B4+Data!B6)^2+(2*PI()*A78*(Data!B3+Data!B5))^2) -> 1.9499801 | C78: =Data!B7 -> 2.1
A79: 375 | B79: =Data!B2^2*(Data!B4+Data!B6)/((Data!B4+Data!B6)^2+(2*PI()*A79*(Data!B3+Data!B5))^2) -> 1.9028204 | C79: =Data!B7 -> 2.1
A80: 380 | B80: =Data!B2^2*(Data!B4+Data!B6)/((Data!B4+Data!B6)^2+(2*PI()*A80*(Data!B3+Data!B5))^2) -> 1.8572992 | C80: =Data!B7 -> 2.1
A81: 385 | B81: =Data!B2^2*(Data!B4+Data!B6)/((Data!B4+Data!B6)^2+(2*PI()*A81*(Data!B3+Data!B5))^2) -> 1.813344 | C81: =Data!B7 -> 2.1
A82: 390 | B82: =Data!B2^2*(Data!B4+Data!B6)/((Data!B4+Data!B6)^2+(2*PI()*A82*(Data!B3+Data!B5))^2) -> 1.7708859 | C82: =Data!B7 -> 2.1
A83: 395 | B83: =Data!B2^2*(Data!B4+Data!B6)/((Data!B4+Data!B6)^2+(2*PI()*A83*(Data!B3+Data!B5))^2) -> 1.72986 | C83: =Data!B7 -> 2.1
A84: 400 | B84: =Data!B2^2*(Data!B4+Data!B6)/((Data!B4+Data!B6)^2+(2*PI()*A84*(Data!B3+Data!B5))^2) -> 1.6902044 | C84: =Data!B7 -> 2.1
A85: 405 | B85: =Data!B2^2*(Data!B4+Data!B6)/((Data!B4+Data!B6)^2+(2*PI()*A85*(Data!B3+Data!B5))^2) -> 1.6518606 | C85: =Data!B7 -> 2.1
A86: 410 | B86: =Data!B2^2*(Data!B4+Data!B6)/((Data!B4+Data!B6)^2+(2*PI()*A86*(Data!B3+Data!B5))^2) -> 1.6147729 | C86: =Data!B7 -> 2.1
A87: 415 | B87: =Data!B2^2*(Data!B4+Data!B6)/((Data!B4+Data!B6)^2+(2*PI()*A87*(Data!B3+Data!B5))^2) -> 1.5788887 | C87: =Data!B7 -> 2.1
A88: 420 | B88: =Data!B2^2*(Data!B4+Data!B6)/((Data!B4+Data!B6)^2+(2*PI()*A88*(Data!B3+Data!B5))^2) -> 1.5441577 | C88: =Data!B7 -> 2.1
A89: 425 | B89: =Data!B2^2*(Data!B4+Data!B6)/((Data!B4+Data!B6)^2+(2*PI()*A89*(Data!B3+Data!B5))^2) -> 1.5105325 | C89: =Data!B7 -> 2.1
A90: 430 | B90: =Data!B2^2*(Data!B4+Data!B6)/((Data!B4+Data!B6)^2+(2*PI()*A90*(Data!B3+Data!B5))^2) -> 1.4779677 | C90: =Data!B7 -> 2.1
A91: 435 | B91: =Data!B2^2*(Data!B4+Data!B6)/((Data!B4+Data!B6)^2+(2*PI()*A91*(Data!B3+Data!B5))^2) -> 1.4464204 | C91: =Data!B7 -> 2.1
A92: 440 | B92: =Data!B2^2*(Data!B4+Data!B6)/((Data!B4+Data!B6)^2+(2*PI()*A92*(Data!B3+Data!B5))^2) -> 1.4158496 | C92: =Data!B7 -> 2.1
A93: 445 | B93: =Data!B2^2*(Data!B4+Data!B6)/((Data!B4+Data!B6)^2+(2*PI()*A93*(Data!B3+Data!B5))^2) -> 1.3862164 | C93: =Data!B7 -> 2.1
A94: 450 | B94: =Data!B2^2*(Data!B4+Data!B6)/((Data!B4+Data!B6)^2+(2*PI()*A94*(Data!B3+Data!B5))^2) -> 1.3574837 | C94: =Data!B7 -> 2.1
A95: 455 | B95: =Data!B2^2*(Data!B4+Data!B6)/((Data!B4+Data!B6)^2+(2*PI()*A95*(Data!B3+Data!B5))^2) -> 1.3296163 | C95: =Data!B7 -> 2.1
A96: 460 | B96: =Data!B2^2*(Data!B4+Data!B6)/((Data!B4+Data!B6)^2+(2*PI()*A96*(Data!B3+Data!B5))^2) -> 1.3025805 | C96: =Data!B7 -> 2.1
A97: 465 | B97: =Data!B2^2*(Data!B4+Data!B6)/((Data!B4+Data!B6)^2+(2*PI()*A97*(Data!B3+Data!B5))^2) -> 1.2763443 | C97: =Data!B7 -> 2.1
A98: 470 | B98: =Data!B2^2*(Data!B4+Data!B6)/((Data!B4+Data!B6)^2+(2*PI()*A98*(Data!B3+Data!B5))^2) -> 1.2508771 | C98: =Data!B7 -> 2.1
A99: 475 | B99: =Data!B2^2*(Data!B4+Data!B6)/((Data!B4+Data!B6)^2+(2*PI()*A99*(Data!B3+Data!B5))^2) -> 1.2261498 | C99: =Data!B7 -> 2.1
A100: 480 | B100: =Data!B2^2*(Data!B4+Data!B6)/((Data!B4+Data!B6)^2+(2*PI()*A100*(Data!B3+Data!B5))^2) -> 1.2021345 | C100: =Data!B7 -> 2.1
...
